{
  "Component-preload.js.map": 1723558660469,
  "controller/View1.controller.js": 1723543802259,
  "model/models.js": 1723543741727,
  "controller/App.controller.js": 1723543741731,
  "manifest.json": 1723558660270,
  "Component.js": 1723543741719,
  "Component-dbg.js": 1723543741719,
  "Component.js.map": 1723558660386,
  "model/models-dbg.js": 1723543741727,
  "model/models.js.map": 1723558660402,
  "controller/App-dbg.controller.js": 1723543741731,
  "controller/App.controller.js.map": 1723558660395,
  "controller/View1-dbg.controller.js": 1723543802259,
  "controller/View1.controller.js.map": 1723558660394,
  "Component-preload.js": 1723558660469,
  "i18n/i18n.properties": 1723543761279,
  "view/View1.view.xml": 1723543826051,
  "view/App.view.xml": 1723543741735,
  "css/style.css": 1723543741735,
  "index.html": 1723543741719
}